id,name,type,duration,url
14246675,unknown,camera-movement,0,
14246677,SmartMotionI,camera-movement,0,
28175546,LensLock_face_skeleton,camera_tracking,0,
28175562,unknown,camera_tracking,0,
29761512,LensLock_detection_Algo,camera_tracking,0,
6969198138909363492,复古 电视故障雪花屏转场背景,unknown,0,
6969198370221018382,故障雪花屏,unknown,1000,https://p3-heycan-jy-sign.byteimg.com/tos-cn-v-436d67/3b1364f175bd4b00b4a4523e3dead06a~tplv-3jr8j4ixpe-resize:640:640.jpeg?x-expires=1804149180&x-signature=4Hb7iyqIDdnpAm0zVxcTzImQ7aU%3D
6969198370221034766,故障雪花屏,unknown,1000,https://p3-heycan-jy-sign.byteimg.com/tos-cn-v-436d67/c94c964a10974c41ac60ee9632215464~tplv-3jr8j4ixpe-resize:640:640.jpeg?x-expires=1804149180&x-signature=qn1t9QCseaMhw69T7mveFbV%2FPsc%3D
6969198833926491428,复古 故障雪花屏,unknown,1000,https://p3-heycan-jy-sign.byteimg.com/tos-cn-v-436d67/366c5bed675242bab435749163fb683b~tplv-3jr8j4ixpe-resize:640:640.jpeg?x-expires=1804149183&x-signature=a4U%2BsGioMOSKITW%2BXZVxLqPACb0%3D
6969200519621528869,潮酷片头 手机充电完成界面,unknown,0,
6969200708755229988,简约片头 vlog文字,unknown,0,
6969200708755279140,潮酷片头 loading界面加载中,unknown,3000,https://p3-heycan-jy-sign.byteimg.com/tos-cn-i-3jr8j4ixpe/7ab12193a95842348a6a805b6527b91c~tplv-3jr8j4ixpe-resize:640:640.png?x-expires=1804149194&x-signature=kWRC%2FryxEvz28D0tAYIBTx3v4rI%3D
6969200777839578375,简约风 3秒倒计时,unknown,0,
6969200777839594759,科技风片头loading界面加载中,unknown,4000,https://p3-heycan-jy-sign.byteimg.com/tos-cn-i-3jr8j4ixpe/98b84a970aa64215a9a9a60589ca203a~tplv-3jr8j4ixpe-resize:640:640.png?x-expires=1804149183&x-signature=5Qrtekcc0ZIdpYbjlrY9VFWNP%2Fo%3D
6969200777948564744,简约 vlog文字片头，分享喜欢,unknown,0,
6969200965572447524,复古3秒倒计时片头转场,unknown,2000,https://p3-heycan-jy-sign.byteimg.com/tos-cn-v-436d67/69b387c817ae4bc6b2537f32bab10339~tplv-3jr8j4ixpe-resize:640:640.jpeg?x-expires=1804149194&x-signature=gRb0rF3arFiozzMudbx6fD96GDc%3D
6969201044416941342,潮酷 片头loading界面加载中,unknown,0,
6969203859172429092,动漫片尾  the end，结束,unknown,2000,https://p3-heycan-jy-sign.byteimg.com/tos-cn-i-3jr8j4ixpe/3f7145ea91e5473d8f5daea626e256cf~tplv-3jr8j4ixpe-resize:640:640.png?x-expires=1804149196&x-signature=8av2wtx7p7SRhDHSaJu9IrFmCI0%3D
6969206226177576228,动漫转场 海绵宝宝时间片段，一会儿后,unknown,0,
6969206226177608996,动漫转场 海绵宝宝时间片段，然后，之后，later,unknown,0,https://p3-heycan-jy-sign.byteimg.com/tos-cn-v-436d67/fe27e524a1ae435ea9b112912c3517e9~tplv-3jr8j4ixpe-resize:640:640.jpeg?x-expires=1804149183&x-signature=R5HzZQSu2eAxshSi1SH33jpxki8%3D
6969206226194418957,动漫转场 海绵宝宝时间片段，两个小时后,unknown,2000,https://p3-heycan-jy-sign.byteimg.com/tos-cn-v-436d67/de1c25b6f5a04d80991a860c5de19c0f~tplv-3jr8j4ixpe-resize:640:640.jpeg?x-expires=1804149191&x-signature=y2JsAvjNcuyy3oDDJKRzU5XyJbQ%3D
6969206550233713950,动漫转场 海绵宝宝时间片段，两千年后,unknown,0,
6969206831491108110,动漫转场 海绵宝宝时间片段，明天,unknown,1000,https://p3-heycan-jy-sign.byteimg.com/tos-cn-v-436d67/9d8c5636a76e49dbb27c11027a5153dc~tplv-3jr8j4ixpe-resize:640:640.jpeg?x-expires=1804149191&x-signature=Urfw%2BY4BjYf5q7bMT1EyD3aI80A%3D
6969208122153930021,搞笑片段转场  黑人哭泣,unknown,8000,https://p3-heycan-jy-sign.byteimg.com/tos-cn-v-436d67/1510eb460bc84e0ba24ff5f6f707aea0~tplv-3jr8j4ixpe-resize:640:640.jpeg?x-expires=1804149180&x-signature=qhhNJn524rrTh3Utqd2hauhJnno%3D
6969209167580105997,搞笑转场 土拨鼠叫,unknown,6000,https://p3-heycan-jy-sign.byteimg.com/tos-cn-v-436d67/e8c4eb376de942ce86d1c1b590320715~tplv-3jr8j4ixpe-resize:640:640.jpeg?x-expires=1804149183&x-signature=PkNYs6Kz819LIEtKIsnOAKOIF0w%3D
6969482009043389704,飘雪，雪花，下雪,unknown,0,
6971036278649261347,透明,unknown,8000,https://p3-heycan-jy-sign.byteimg.com/tos-cn-i-3jr8j4ixpe/fdfdb2673848419db4e77dc90eaf3dba~tplv-3jr8j4ixpe-resize:640:640.png?x-expires=1804149180&x-signature=o8hmUq2NEn2n7ld03bEhrs9Va%2BE%3D
6971036278649294115,白场,unknown,8000,https://p3-heycan-jy-sign.byteimg.com/tos-cn-i-3jr8j4ixpe/9c33d7d5b46a458cbaeb9cc840ffc157~tplv-3jr8j4ixpe-resize:640:640.png?x-expires=1804149180&x-signature=VjDqD5Jc1zuvJKYZv9CulDTb%2FEc%3D
6971036565162167586,黑场,unknown,8000,https://p3-heycan-jy-sign.byteimg.com/tos-cn-i-3jr8j4ixpe/eca8c21ae9f847cb84bb16f91739b83e~tplv-3jr8j4ixpe-resize:640:640.png?x-expires=1804149180&x-signature=rID6hCe%2BueHvdOG9SqoUIVSwDkw%3D
6974378975602691365,影视 转场 哈哈哈大笑,unknown,3000,https://p3-heycan-jy-sign.byteimg.com/tos-cn-i-3jr8j4ixpe/7764cb6451ff4fe9a8189a886136703d~tplv-3jr8j4ixpe-resize:640:640.png?x-expires=1804149180&x-signature=62lhl4h7USPuWSGwF4mejXPfipo%3D
6975313917299985701,影视名场面 转场 文章笑,unknown,0,
6979818902578662687,动漫 打响指 片头转场片尾,unknown,0,
6981641164294196510,搞笑 女人大笑,unknown,0,
6985724651301276958,动漫 呃...  海绵宝宝动漫英文转场,unknown,0,
6985864479066180901,可爱 Vlog片尾 蜡笔小新 ByeBye,unknown,0,
6990164181332806942,简约 爱心点击关注,unknown,0,https://p3-heycan-jy-sign.byteimg.com/tos-cn-i-3jr8j4ixpe/ff44e9960f5744288fb1d3dec1ed8a61~tplv-3jr8j4ixpe-resize:640:640.png?x-expires=1804149194&x-signature=3YiJzZicCY%2BvZ5OFnQ10w3UbYNY%3D
6997430869925416223,宠物搞笑猫狗猪鸟 (2388),unknown,7000,https://p3-heycan-jy-sign.byteimg.com/tos-cn-v-436d67/8632beed8f4a4d258b515d1b15d2f891~tplv-3jr8j4ixpe-resize:640:640.jpeg?x-expires=1804149194&x-signature=Ijqra5L6g1P9StcMaOflqEllWC4%3D
6997443394205125902,宠物搞笑猫狗猪鸟 (2404),unknown,0,
6997569683859721509,宠物搞笑 狗生气瞪人,unknown,19000,https://p3-heycan-jy-sign.byteimg.com/tos-cn-v-436d67/688f83f043d941d9b9b2c6a10ae04c34~tplv-3jr8j4ixpe-resize:640:640.jpeg?x-expires=1804149183&x-signature=Q2pTV2JssW4xScfv75lfGiQLfHw%3D
7000357617725902093,写实 绿幕电脑 办公,unknown,15000,https://p3-heycan-jy-sign.byteimg.com/tos-cn-v-436d67/bf6b22a41bec4355abc8482ac0e77ae9~tplv-3jr8j4ixpe-resize:640:640.jpeg?x-expires=1804149194&x-signature=zDLhbylJw2gvpv718%2B10qPjcqaU%3D
7011306183042616583,粒子光斑红绸背景,unknown,40000,https://p3-heycan-jy-sign.byteimg.com/tos-cn-v-436d67/bfd8acbf83354e98b6980a9a35e676e9~tplv-3jr8j4ixpe-resize:640:640.jpeg?x-expires=1804149183&x-signature=VecS9xSlvr3%2BSaNlMvp4MpSlKIs%3D
7013718002411523359,片尾 记得关注再走哦,unknown,4000,https://p3-heycan-jy-sign.byteimg.com/tos-cn-i-3jr8j4ixpe/052ed5598dda412ba8a44aaab7d5c968~tplv-3jr8j4ixpe-resize:640:640.jpeg?x-expires=1804149191&x-signature=MMiCBYWWEyTFotGeafKY8xCBn5Q%3D
7015798746848038151,Vlog片头  复古动漫风,unknown,0,
7018477496635034894,关注尾标,unknown,0,
7018550847621631245,动漫转场  砰,unknown,0,
7023977665124207903,横屏片尾素材  +关注  简约,unknown,0,
7024020747794337028,军官笑声 影视经典片段,unknown,0,
7028806117534846215,搞笑转场 nice大叔,unknown,3000,https://p3-heycan-jy-sign.byteimg.com/tos-cn-v-436d67/041f1419c555435abdf3e10fb0265c22~tplv-3jr8j4ixpe-resize:640:640.jpeg?x-expires=1804149180&x-signature=HneJflZ5t1JNTzXR1tS%2FVdht8ho%3D
7142834498437156130,小狗学狼叫 网络搞笑热梗 实景拍摄,unknown,9000,https://p3-heycan-jy-sign.byteimg.com/tos-cn-v-436d67/69328619205c4db8871ed297e0089d6c~tplv-3jr8j4ixpe-resize:640:640.jpeg?x-expires=1804149191&x-signature=hGM4geRdC6%2F5lqX%2FSh1aau6WCyo%3D
7143608928117509413,我的天哪 岳云鹏 震惊 热梗,unknown,0,
7143608937143700772,黑人问号 网络流行 疑问,unknown,2000,https://p3-heycan-jy-sign.byteimg.com/tos-cn-v-436d67/05b184ca67c44a86a44d4bea58fc0d24~tplv-3jr8j4ixpe-resize:640:640.jpeg?x-expires=1804149180&x-signature=kyd9d4r0z10JBAw1NDK8PQbSK8A%3D
7143765901190417696,搞笑 网络流行 男人说牛逼,unknown,3000,https://p3-heycan-jy-sign.byteimg.com/tos-cn-i-3jr8j4ixpe/c4b0ef4bb7e245aa9ee010873130171a~tplv-3jr8j4ixpe-resize:640:640.png?x-expires=1804149180&x-signature=ayl3uyReqtrcyAlDYH%2FgKhBjGtE%3D
7143813574631132448,搞笑 网络流行 男人震惊转场,unknown,0,
7145790824138280222,黑人惊讶震惊转场,unknown,4000,https://p3-heycan-jy-sign.byteimg.com/tos-cn-i-3jr8j4ixpe/d7ad5d11587848e1a1ea06aa6f6754f4~tplv-3jr8j4ixpe-resize:640:640.jpeg?x-expires=1804149183&x-signature=j%2BL3yfT%2FpYh22AXEBPMbw%2BvaSys%3D
7145901204566969608,影视名场面 男子哈哈大 笑网络流行,unknown,1000,https://p3-heycan-jy-sign.byteimg.com/tos-cn-i-3jr8j4ixpe/40e99d579eb44071ad2e13d1a425b795~tplv-3jr8j4ixpe-resize:640:640.jpeg?x-expires=1804149180&x-signature=uRswzC58i2Cjblcj2SVjHqfVHik%3D
7146072773561994507,周星驰震惊翻白眼影视片段搞笑转场,unknown,2000,https://p3-heycan-jy-sign.byteimg.com/tos-cn-i-3jr8j4ixpe/10d44d6e1ad3420ea3dcdd9d627cc8f5~tplv-3jr8j4ixpe-resize:640:640.png?x-expires=1804149183&x-signature=3xGkgzP8Jlzh3mem7FSlHQANLS8%3D
7146100203995647243,印尼小胖子tantan 哈哈哈笑,unknown,4000,https://p3-heycan-jy-sign.byteimg.com/tos-cn-i-3jr8j4ixpe/c23c7c245e424f958c47da8042325a66~tplv-3jr8j4ixpe-resize:640:640.png?x-expires=1804149183&x-signature=bT2CfaXV2X53W1Urxf0QH%2FvbLjU%3D
7146101171101469990,平静的说接着奏乐接着舞 影视名场面,unknown,4000,https://p3-heycan-jy-sign.byteimg.com/tos-cn-i-3jr8j4ixpe/44218ed9d6ac449b97b96c8051f18e97~tplv-3jr8j4ixpe-resize:640:640.png?x-expires=1804149183&x-signature=nyNRVqCB%2Fmz1sv6axCcYCRJ0VKM%3D
7146102137422875916,影视片段搞笑 孙悟空烦死了转场,unknown,0,
7146102163482135846,热梗 搞笑视频 袋鼠摇手,unknown,0,https://p3-heycan-jy-sign.byteimg.com/tos-cn-i-3jr8j4ixpe/689d5e2220b145e2bb0bab8fd60283b7~tplv-3jr8j4ixpe-resize:640:640.png?x-expires=1804149191&x-signature=vxGF6Nr8qN%2FJnOQTNZcI8EgcvVs%3D
7146104305961946380,周星驰震惊拍手鼓掌影视片段搞笑转场,unknown,2000,https://p3-heycan-jy-sign.byteimg.com/tos-cn-i-3jr8j4ixpe/818fc19184f2476eaa96b1bb4b00dff1~tplv-3jr8j4ixpe-resize:640:640.png?x-expires=1804149183&x-signature=DKlk0iGn5C%2B%2BWTB5cpJ4shsEteA%3D
7146121126341659942,影视 周星驰厉害搞笑转场视频,unknown,0,
7146127961014422796,网络热梗搞笑转场 oh男子震惊起身,unknown,2000,https://p3-heycan-jy-sign.byteimg.com/tos-cn-i-3jr8j4ixpe/3b53d4b55b3d4c51adda4c86f7135aa4~tplv-3jr8j4ixpe-resize:640:640.png?x-expires=1804149180&x-signature=8cdyG2ZWnwCvZQKkYVNug%2Bycn5Y%3D
7146129753311808771,武林外传佟掌柜捂脸笑影视片段搞笑,unknown,0,
7146218827603250443,影视片段 秀儿转场,unknown,0,
7146489934793149699,影视 周星驰唐伯虎点秋香 被吓到,unknown,1000,https://p3-heycan-jy-sign.byteimg.com/tos-cn-i-3jr8j4ixpe/986cb84ea22c45e293ef88047e5314ed~tplv-3jr8j4ixpe-resize:640:640.jpeg?x-expires=1804149183&x-signature=7XDDxcp1rk7CLI3qD1iqCU1fjgI%3D
7147132498080845069,萌宠动物搞笑瞬间 猫咪张嘴 网络流行,unknown,0,
7167121215885282574,简约 引导关注框 关注 爱心 绿幕,unknown,2000,https://p3-heycan-jy-sign.byteimg.com/tos-cn-i-3jr8j4ixpe/6ad0308fac2f4da087d7bb504a94014e~tplv-3jr8j4ixpe-resize:640:640.png?x-expires=1804149191&x-signature=2agEIldC3pqoLaWWJRxu3WTCmr4%3D
7170475937790708999,下期见 桌面片尾,unknown,0,
7229870963725192506,意境唯美夏日阳光里的树叶,unknown,0,
7296747260539325759,啊？,unknown,0,https://p3-heycan-jy-sign.byteimg.com/tos-cn-v-436d67/oMZfEENfAnF8RGbKkoecBbKA14QAICthIvb4DD~tplv-3jr8j4ixpe-resize:640:640.jpeg?x-expires=1804146191&x-signature=GYSxmj83faJff%2Bg84e9AibFO7XY%3D
7299264869356866855,震惊表情,unknown,7000,https://p3-heycan-jy-sign.byteimg.com/tos-cn-v-436d67/oAsMel96h4lDCfoFKANEkgAPHFZTBzzB8IwtNz~tplv-3jr8j4ixpe-resize:640:640.jpeg?x-expires=1804146191&x-signature=4vJFYOEGzv07bgmNrdcSfGNQlsY%3D
7301287806226238783,暴躁愤怒生气,unknown,2000,https://p3-heycan-jy-sign.byteimg.com/tos-cn-v-436d67/o0oemCJI2DA3pDQl6UebABg0h1A0vWICNrnH8s~tplv-3jr8j4ixpe-resize:640:640.jpeg?x-expires=1804149180&x-signature=hGGkC3Ix6ngJbd3GhrdVj4pXlWk%3D
7302009285091806475,曹操暴怒,unknown,2000,https://p3-heycan-jy-sign.byteimg.com/tos-cn-v-436d67/owDoIEIBlnFie25ZrfeYBbKAi4pAkCAqQyb2rD~tplv-3jr8j4ixpe-resize:640:640.jpeg?x-expires=1804149183&x-signature=KWmvFajxKYIbXTdug7qQo6pvV3s%3D
7305705251816885514,吗喽抱着小猴子转圈圈,unknown,0,
7319781540764880154,垂直视频航拍森林覆盖的山脉和绿松石湖水,unknown,43000,https://p3-heycan-jy-sign.byteimg.com/tos-cn-i-3jr8j4ixpe/d66a1363c7094279bbaaa47a1488e957~tplv-3jr8j4ixpe-resize:640:640.jpeg?x-expires=1804149197&x-signature=jtW3D3gHiJzKJD8rTxXkM1w8I2g%3D
7319812121095654683,飞雪在黑色背景阿尔法通道,unknown,0,
7319872818701798694,励志和激励视频与年轻女子在日落。缓慢的运动。,unknown,30000,https://p3-heycan-jy-sign.byteimg.com/tos-cn-i-3jr8j4ixpe/2ff8bdfb9a404459be479991404678e2~tplv-3jr8j4ixpe-resize:640:640.jpeg?x-expires=1804149183&x-signature=icYj7Xl8EF8Q4bXCGYwdf4tbj3E%3D
7320088520033307942,女人从手机上得到了好消息,unknown,11000,https://p3-heycan-jy-sign.byteimg.com/tos-cn-i-3jr8j4ixpe/16f3b2cd173548d88bf1a7f6fcca14c5~tplv-3jr8j4ixpe-resize:640:640.jpeg?x-expires=1804149194&x-signature=RcAKz9juMAbZFzy5Sn7yGsfNbpw%3D
7320142994374544691,男人很担心。,unknown,0,
7320156138287189286,动画舒适的黄色背景,unknown,0,
7320450040856677659,海上码头的日出,unknown,34000,https://p3-heycan-jy-sign.byteimg.com/tos-cn-i-3jr8j4ixpe/7cdbeb2d589e46899c66374a24043955~tplv-3jr8j4ixpe-resize:640:640.jpeg?x-expires=1804149191&x-signature=FZ3YSzTLXdREgqZdvkGKKt2deuw%3D
7321608377484840243,25-29岁的拉丁美洲和西班牙裔年轻夫妇戴着技术虚拟现实头盔，在夏天的早晨在户外海滩上练习瑜伽。Metaverse、创新的概念。,unknown,19000,https://p3-heycan-jy-sign.byteimg.com/tos-cn-i-3jr8j4ixpe/d0e0c8ecb355497e85e0379d72cc2856~tplv-3jr8j4ixpe-resize:640:640.jpeg?x-expires=1804149183&x-signature=Khd7OONXmIASa4TWTv%2FXeQdTKYo%3D
7321610042975816998,未来机器人发展战略。,unknown,8000,https://p3-heycan-jy-sign.byteimg.com/tos-cn-i-3jr8j4ixpe/84435ffa371f46399c3e5d94958cef85~tplv-3jr8j4ixpe-resize:640:640.jpeg?x-expires=1804149191&x-signature=Nk3RAeRTdhjZlniPUxoWajYPNjg%3D
7321676870833999131,亚洲人在办公室用笔记本电脑工作,unknown,0,
7321735003849772297,音乐家与低音吉他剪影,unknown,0,
7321761689949605183,女性应用防晒霜,unknown,21000,https://p3-heycan-jy-sign.byteimg.com/tos-cn-i-3jr8j4ixpe/edb70bb691cd4cb4addc3bbb5e262f19~tplv-3jr8j4ixpe-resize:640:640.jpeg?x-expires=1804149194&x-signature=LtfEjCKeCGR9sq9uXsWyNFviKn0%3D
7321773089447070988,在暗红色的背景下，星星和灯光闪烁不定。冬季背景与降雪。无缝的背景,unknown,15000,https://p3-heycan-jy-sign.byteimg.com/tos-cn-i-3jr8j4ixpe/f8e1c50ba0374a7c990af035288b0dc5~tplv-3jr8j4ixpe-resize:640:640.jpeg?x-expires=1804149191&x-signature=gaywvzt1az7m3qFX1B3Cp80wJDg%3D
7321793354591784230,女人写信,unknown,0,
7321804497058041124,戴面具的男人的特写,unknown,17000,https://p3-heycan-jy-sign.byteimg.com/tos-cn-i-3jr8j4ixpe/a879ac235cae4baba44009293cbf0a69~tplv-3jr8j4ixpe-resize:640:640.jpeg?x-expires=1804149194&x-signature=pSoIgRxJMFdD4kOAu7%2BfNvLRFg8%3D
7321819089385622834,新年前夕，一名年轻女子和她的狗在圣诞树旁吃巧克力,unknown,0,
7321839849214889225,片头场景增强预告广告的吸引力。,unknown,0,
7321864734322560293,黑人妇女工人戴安全帽，护目镜和手套。拿着钻头，显示ok标志，微笑。在蓝色背景上摆姿势,unknown,8000,https://p3-heycan-jy-sign.byteimg.com/tos-cn-i-3jr8j4ixpe/75a66639eb424af78dc19270c656824e~tplv-3jr8j4ixpe-resize:640:640.jpeg?x-expires=1804149191&x-signature=Scf84giWt2RLDRp51RD7WTn2FaQ%3D
7321871222730460443,画像一个放松和快乐的女人的脸在一个夏天的日落在海滩。美丽的女性与幸福，平静和微笑与愉快的态度在黄昏与自然的海洋背景,unknown,21000,https://p3-heycan-jy-sign.byteimg.com/tos-cn-i-3jr8j4ixpe/bc322f99289a4b45862010713b6f8433~tplv-3jr8j4ixpe-resize:640:640.jpeg?x-expires=1804149180&x-signature=ECLVWdQ5Dx5Bn8WsbhNbOncv4LU%3D
7321888552835353894,冬季在户外,unknown,0,
7321939063135538470,CU 4K夏季树叶散景模糊，阳光透过树叶,unknown,43000,https://p3-heycan-jy-sign.byteimg.com/tos-cn-i-3jr8j4ixpe/837cef6c279744f58d08a3c8b8699bd8~tplv-3jr8j4ixpe-resize:640:640.jpeg?x-expires=1804149197&x-signature=168ah9XKVh%2BjV3Gga58ktJW1TSQ%3D
7321959648821611826,"困惑,",unknown,11000,https://p3-heycan-jy-sign.byteimg.com/tos-cn-i-3jr8j4ixpe/767b2404a3df4de8bbec055476fc1cf7~tplv-3jr8j4ixpe-resize:640:640.jpeg?x-expires=1804149191&x-signature=7EOFY1LVnBB16b154LJ5kIQDhGo%3D
7322020737840139558,商人在地铁上使用智能手机。,unknown,19000,https://p3-heycan-jy-sign.byteimg.com/tos-cn-i-3jr8j4ixpe/e83eb8ac44b44f25bd63b4ad8eb56876~tplv-3jr8j4ixpe-resize:640:640.jpeg?x-expires=1804149194&x-signature=elDnMUAqN%2FknhjpF2CPeDDOLwl0%3D
7322021251357199625,制定一个家庭财务计划,unknown,11000,https://p3-heycan-jy-sign.byteimg.com/tos-cn-i-3jr8j4ixpe/10395198dca04f2a9631f5afc8fcf092~tplv-3jr8j4ixpe-resize:640:640.jpeg?x-expires=1804149191&x-signature=06otDQvKQYBRfzDvrfg5epdjyNM%3D
7322024613779721526,年轻女性支持服务代理呼叫中心接线员戴着耳机咨询客户,unknown,0,
7322027787685072165,办公室职员的工作,unknown,10000,https://p3-heycan-jy-sign.byteimg.com/tos-cn-i-3jr8j4ixpe/6609ec5c45b3425a9c9d07621d12ed0c~tplv-3jr8j4ixpe-resize:640:640.jpeg?x-expires=1804149194&x-signature=2m6BS%2FrdzdphpOG9uScCtzaF7Wc%3D
7322042077603302666,精疲力竭、汗流浃背的商人,unknown,8000,https://p3-heycan-jy-sign.byteimg.com/tos-cn-i-3jr8j4ixpe/4ef88e0b24b44a7ea64c8aa9047cc0f0~tplv-3jr8j4ixpe-resize:640:640.jpeg?x-expires=1804149180&x-signature=GmdKR%2F%2BV%2Fx5WHdQZWscQqbgUqzI%3D
7322044851975900425,危机,unknown,0,
7322047469985058059,丹顶鹤在北海道鹤瑞村的雪地上翩翩起舞,unknown,0,
7322084874737765683,业务演示,unknown,28000,https://p3-heycan-jy-sign.byteimg.com/tos-cn-i-3jr8j4ixpe/55f73fd7707e4297b5eef947000dd0af~tplv-3jr8j4ixpe-resize:640:640.jpeg?x-expires=1804149191&x-signature=MxZKQwNRo0vYKY9EJAQrR%2FtCjcc%3D
7322123085606391059,旅行者女孩，戴着帽子，穿着绿色夹克和背包，她沿着斯堪的纳维亚海岸散步,unknown,26000,https://p3-heycan-jy-sign.byteimg.com/tos-cn-i-3jr8j4ixpe/84b1408e4aee4ab09b8294156d624206~tplv-3jr8j4ixpe-resize:640:640.jpeg?x-expires=1804149180&x-signature=Dcc8QyiKfWNqDY%2BaUm57K7ElAyU%3D
7322153967230733578,同事讨论项目。,unknown,0,
7322159120851766537,蓝天白云，麦田黄澄澄，阳光明媚，景色优美动感。风景优美的农田，4K时间差。美丽的自然，农业和季节收获的时间。,unknown,0,
7322192753264266515,垂直屏幕:自由职业者戴着耳机，使用笔记本电脑在城市远程在线工作。在一个阳光明媚的夏日，年轻的创意男子在咖啡馆里吃早餐和远程办公,unknown,0,
7322192993757187382,在一条两旁都是高层公寓的街道上开车,unknown,16000,https://p3-heycan-jy-sign.byteimg.com/tos-cn-i-3jr8j4ixpe/d0567a8fb43e4d548e1350a711491357~tplv-3jr8j4ixpe-resize:640:640.jpeg?x-expires=1804149183&x-signature=iHBsJm5BH3kv3yIdJxNOO1Q3G0M%3D
7322220651824139557,动画字的结尾在故障屏幕上,unknown,30000,https://p3-heycan-jy-sign.byteimg.com/tos-cn-i-3jr8j4ixpe/2feabe0c51924d4c80f0d9add379d417~tplv-3jr8j4ixpe-resize:640:640.jpeg?x-expires=1804149197&x-signature=EnTYFQdQJ2LDKXeHH3ME8pIiYyw%3D
7322230555125255462,好消息!,unknown,15000,https://p3-heycan-jy-sign.byteimg.com/tos-cn-i-3jr8j4ixpe/74d60d7bf3e445c69a9103a6eaab413d~tplv-3jr8j4ixpe-resize:640:640.jpeg?x-expires=1804149194&x-signature=dXDwSk80yet4j8ECuCd5dKuZv0o%3D
7322231389091384587,晴朗的蓝天上飘逸的云朵随着时间流逝,unknown,14000,https://p3-heycan-jy-sign.byteimg.com/tos-cn-i-3jr8j4ixpe/4caaa57182c047c791ea5c0f01a64ea2~tplv-3jr8j4ixpe-resize:640:640.jpeg?x-expires=1804149197&x-signature=90QHEhbV4nEuk619qGjMamohfP4%3D
7322267818249047305,阳光透过树叶和树枝上的白花照耀着,unknown,55000,https://p3-heycan-jy-sign.byteimg.com/tos-cn-i-3jr8j4ixpe/33aaf78002114b4db8678cb782eec899~tplv-3jr8j4ixpe-resize:640:640.jpeg?x-expires=1804149191&x-signature=k9jFPo4JzX%2Bb6T1wHM8%2F5iztkFg%3D
7322344732716240138,新鲜的洋葱面包放在桌上健康的早餐点子，淀粉类食物的视频,unknown,0,
7322367675164790043,医生解释。,unknown,0,
7322374544465972534,日落神奇海洋龙舟团队训练,unknown,21000,https://p3-heycan-jy-sign.byteimg.com/tos-cn-i-3jr8j4ixpe/07d8a858c4544639875b0e19e551c5c5~tplv-3jr8j4ixpe-resize:640:640.jpeg?x-expires=1804149191&x-signature=sD4u3L7DAtxeDiQ7uqozccs60aQ%3D
7322402960183479564,机器人在和一个商人谈话时面带微笑。人与机器人通信概念。,unknown,0,
7322403155356978451,雪山月亮屋4k,unknown,0,
7322421416454851849,4K老人在客厅服药或补充维生素,unknown,0,
7322432939525016882,石灰和水一起熟化。,unknown,0,
7322558813440068914,母亲握着儿子的手,unknown,26000,https://p3-heycan-jy-sign.byteimg.com/tos-cn-i-3jr8j4ixpe/1995ee810a4c47ca97cfe7fb5c21a0b2~tplv-3jr8j4ixpe-resize:640:640.jpeg?x-expires=1804149197&x-signature=P2f4UGOFifc7YJvGSuZBhdPEvsw%3D
7322563841089408295,日落时分，一个女人在森林里散步。慢动作,unknown,0,
7322591729880698175,实时垂直拍摄:香港夜晚的城市街道,unknown,0,
7322596346169429275,夜间照明的高速公路动脉:夜间高架道路上繁忙的交通。亚特兰大市中心连接器，GA。航空镜头与静态相机运动,unknown,15000,https://p3-heycan-jy-sign.byteimg.com/tos-cn-i-3jr8j4ixpe/2754fade5d7541e3bf014e522aa23f58~tplv-3jr8j4ixpe-resize:640:640.jpeg?x-expires=1804149183&x-signature=EEHW9FqrsRB0PVeHppbphhALLjk%3D
7322666921269218598,厨师将胡椒粉倒在菜上,unknown,0,
7322686724168011035,4K静态拍摄大群被疏散的野生海鸥在海边日落的天空中飞翔，天际线背景是远洋客轮和轮船。,unknown,12000,https://p3-heycan-jy-sign.byteimg.com/tos-cn-i-3jr8j4ixpe/0f46230ea4cb4569abbf444ef3c7ce18~tplv-3jr8j4ixpe-resize:640:640.jpeg?x-expires=1804149194&x-signature=M79AxoZd5UiaCWPAzDMBNb65x7s%3D
7322695866463046966,雨后的桥墙在森林里的秋天,unknown,8000,https://p3-heycan-jy-sign.byteimg.com/tos-cn-i-3jr8j4ixpe/71fbb27a719b4a8c8ed907383549b5bc~tplv-3jr8j4ixpe-resize:640:640.jpeg?x-expires=1804149194&x-signature=rU22%2Fa1XZORaIpm%2BagBVup5j5tA%3D
7322703843605663015,美丽的千岛湖自然景观，位于中国浙江省杭州淳安。,unknown,28000,https://p3-heycan-jy-sign.byteimg.com/tos-cn-i-3jr8j4ixpe/09dc606c63e84301bd6ae7df2a29bd70~tplv-3jr8j4ixpe-resize:640:640.jpeg?x-expires=1804149194&x-signature=R302ZwfWIZN23pKC8bgiBNU9qSw%3D
7322750863812873523,沙滩上的美女慢镜头,unknown,0,
7322759768462970139,大猩猩,unknown,7000,https://p3-heycan-jy-sign.byteimg.com/tos-cn-i-3jr8j4ixpe/bf144b3f4d97436684a13fdd85156950~tplv-3jr8j4ixpe-resize:640:640.jpeg?x-expires=1804149197&x-signature=h7DSIRxUhBMXO%2B6uf7lbOVLlnng%3D
7322760569721785654,把手机绿屏放在家里的支架上。,unknown,19000,https://p3-heycan-jy-sign.byteimg.com/tos-cn-i-3jr8j4ixpe/1850b5c01fa349c0a5f179653a8fa5db~tplv-3jr8j4ixpe-resize:640:640.jpeg?x-expires=1804149183&x-signature=HBY%2FBoIA7wRIBLm7CXzK9dSU2Qc%3D
7322787053102566694,飞越惊涛骇浪,unknown,30000,https://p3-heycan-jy-sign.byteimg.com/tos-cn-i-3jr8j4ixpe/f4eb51529eb0493e8ae42b24093560ad~tplv-3jr8j4ixpe-resize:640:640.jpeg?x-expires=1804149197&x-signature=7WgmSTZnrozfb3yf3hy0WGPcTn0%3D
7322828219986578738,雪花飘落在树上的慢镜头是美丽的冬季景色,unknown,0,
7322842825740045594,片尾石板在摄影棚拍摄背景,unknown,12000,https://p3-heycan-jy-sign.byteimg.com/tos-cn-i-3jr8j4ixpe/563b2c429d3441cd88a929bc9dc5e225~tplv-3jr8j4ixpe-resize:640:640.jpeg?x-expires=1804149191&x-signature=qexSQigmhBCkOLl%2Fg0MwZNSmov8%3D
7322858002082467083,女士咨询乳腺医生，发现乳腺肿瘤，预防癌症,unknown,11000,https://p3-heycan-jy-sign.byteimg.com/tos-cn-i-3jr8j4ixpe/9b943d8f16134dc1ac5df6d722d2d01b~tplv-3jr8j4ixpe-resize:640:640.jpeg?x-expires=1804149180&x-signature=FElRx9WuDDjJFP%2BtRpnykgeFL2I%3D
7322859023894727977,惊涛骇浪冲刷海岸线的超级慢动作。低沉的海浪冲击着岩石海岸,unknown,0,
7322871281324510502,通往佐治亚州亚特兰大市中心的高速公路上夜间交通拥挤。高速公路两旁排列着摩天大楼和砖房。航空镜头与静态相机运动,unknown,17000,https://p3-heycan-jy-sign.byteimg.com/tos-cn-i-3jr8j4ixpe/28d34195ccf2416ab5c977a4f6da94f7~tplv-3jr8j4ixpe-resize:640:640.jpeg?x-expires=1804149197&x-signature=LQ71YiM5YohOnV88arRLj8hl1mE%3D
7322874557948235071,现实的社交媒体点赞或喜欢图标与透明的背景,unknown,8000,https://p3-heycan-jy-sign.byteimg.com/tos-cn-i-3jr8j4ixpe/3e3e759624b54b3881590ce640e55d54~tplv-3jr8j4ixpe-resize:640:640.jpeg?x-expires=1804149197&x-signature=dzN9LAS6Qc0hvZ5U%2Bpc55QxQWB8%3D
7322931748558408998,建筑停车场的氛围,unknown,0,
7322936648579157286,穿着飘逸的白色衣服的女人跑过麦田,unknown,17000,https://p3-heycan-jy-sign.byteimg.com/tos-cn-i-3jr8j4ixpe/afc4b47178a049a2893d0c7f82c5e882~tplv-3jr8j4ixpe-resize:640:640.jpeg?x-expires=1804149197&x-signature=TBeLjTvGxNd%2BAHHJUT5oPrx2a54%3D
7322946693421387045,在混凝土墙上移动粒子的电影背景。带有移动和闪烁粒子的抽象背景。美丽放松的背景。,unknown,0,
7323191240122453284,蓝天白云,unknown,0,
7323202354403118386,在办公室工作的商务人士,unknown,22000,https://p3-heycan-jy-sign.byteimg.com/tos-cn-i-3jr8j4ixpe/62e2b1b7c3d84b66ab53d293cd47c8cb~tplv-3jr8j4ixpe-resize:640:640.jpeg?x-expires=1804149191&x-signature=Lrs2WaVnl56BNpr07%2FQOSm9R8WA%3D
7323211559939870002,可爱的家养波斯银栗躺在房间的床上休息。猫看相机和旁边。快乐可爱的宠物和呆在家里的概念。懒惰的动物的,unknown,28000,https://p3-heycan-jy-sign.byteimg.com/tos-cn-i-3jr8j4ixpe/1d783159736f496a939b46f21f30ed4a~tplv-3jr8j4ixpe-resize:640:640.jpeg?x-expires=1804146191&x-signature=MaxPXdHn56JjlNieApBOK7%2FqTDU%3D
7323219926607596850,老板祈祷同事在视频通话中表现出色,unknown,14000,https://p3-heycan-jy-sign.byteimg.com/tos-cn-i-3jr8j4ixpe/a81ed016ccde4b16acd7042ebc851b7f~tplv-3jr8j4ixpe-resize:640:640.jpeg?x-expires=1804149180&x-signature=vIF3kr5sGNec%2FHOme8TG1zd9dww%3D
7323226110970432805,日落时宁静的芦苇空镜,unknown,11000,https://p3-heycan-jy-sign.byteimg.com/tos-cn-i-3jr8j4ixpe/c83bfc559cf8465880c3c493f1ea5759~tplv-3jr8j4ixpe-resize:640:640.jpeg?x-expires=1804149197&x-signature=vVWqW3K03JpFymMJaPyxCsxGprg%3D
7323228599975300378,成年妇女在后院里。,unknown,8000,https://p3-heycan-jy-sign.byteimg.com/tos-cn-i-3jr8j4ixpe/b45b37c262a843df8430d0c8c9078029~tplv-3jr8j4ixpe-resize:640:640.jpeg?x-expires=1804149194&x-signature=hxmNS5evEpFdKAoWzNrCF%2F%2FAHmI%3D
7323244455723552010,白色的蒲公英田在夏日阳光明媚的日子映衬着天空的白云,unknown,13000,https://p3-heycan-jy-sign.byteimg.com/tos-cn-i-3jr8j4ixpe/0ddc6f4f790c4e70908fdbcfd11759bc~tplv-3jr8j4ixpe-resize:640:640.jpeg?x-expires=1804149194&x-signature=92Jl3qp9BgKI5lHpzNZ9RRBxWNg%3D
7323248462265404722,雪花落在绿幕上,unknown,0,
7323289569703562534,油漆刷擦开和关闭过渡。油墨风格哑光过渡。你可以使用它们作为光磨，在叠加模式下视频之间的过渡。墨水刷Strok。色度键，Alpha通道(透明),unknown,0,
7323290374397611273,动画移动到右边的线性图标,unknown,6000,https://p3-heycan-jy-sign.byteimg.com/tos-cn-i-3jr8j4ixpe/7faf9cf6ac55429ca611afa9b59beb69~tplv-3jr8j4ixpe-resize:640:640.jpeg?x-expires=1804149197&x-signature=5NDuZ3y7M3AxJMRg%2FPO9jiSgSOo%3D
7323291238046731571,垃圾墨水溢出屏幕飞溅抽象效果薄膜颗粒,unknown,10000,https://p3-heycan-jy-sign.byteimg.com/tos-cn-i-3jr8j4ixpe/dcc111a470cc484889c7e208e12ef1ac~tplv-3jr8j4ixpe-resize:640:640.jpeg?x-expires=1804149194&x-signature=7aEStwpr676H%2Fg16C3K2JVbjWXc%3D
7323294537055554866,广州城市天际线夜景航拍图。创意视频没有广告和商标,unknown,21000,https://p3-heycan-jy-sign.byteimg.com/tos-cn-i-3jr8j4ixpe/dec689bf80a9410f9d1b7ff7b1752266~tplv-3jr8j4ixpe-resize:640:640.jpeg?x-expires=1804149180&x-signature=Uqofr5TSWCiON8eoZKr1VOIZb7I%3D
7323305371144129818,黑色背景图片。黑色的壁纸,unknown,1000,https://p3-heycan-jy-sign.byteimg.com/tos-cn-i-3jr8j4ixpe/ec9f1b7ddc0841ec9121fc71cf24de7a~tplv-3jr8j4ixpe-resize:640:640.jpeg?x-expires=1804149180&x-signature=ELpkg4pc6Oqm%2BIoDYOvjrifkShU%3D
7323313086012591370,"乌克兰,喀尔巴阡山。秋山中晨雾的时间流逝。风景有雪山和流动的雾。",unknown,31000,https://p3-heycan-jy-sign.byteimg.com/tos-cn-i-3jr8j4ixpe/a1434764a806416d92c878b53ea1a4ef~tplv-3jr8j4ixpe-resize:640:640.jpeg?x-expires=1804149194&x-signature=KVbetE%2Fu0TSUw83Bga%2Bav%2B5UFfw%3D
7323316926749412645,宠物的爱。在街上发现一只可爱的小狐狸狗。,unknown,14000,https://p3-heycan-jy-sign.byteimg.com/tos-cn-i-3jr8j4ixpe/585149bb2832422ca788ab352495cc4e~tplv-3jr8j4ixpe-resize:640:640.jpeg?x-expires=1804146191&x-signature=VYA3Ihre0H%2FNxa1%2B0u3ORrlnt70%3D
7323319103924538675,一个女性旅行者坐在秋千上看美丽的景色和日出在早上的缓慢动作,unknown,0,
7323322291272666406,墨水喷溅在屏幕上,unknown,0,
7323325077989149962,男性的手移动小麦种植在种植园上的特写。一个年轻人穿过麦田，轻轻地抚摸着金黄的麦穗。阳光在背景。后视图慢动作,unknown,14000,https://p3-heycan-jy-sign.byteimg.com/tos-cn-i-3jr8j4ixpe/9571875d8f414f64bc7e2af27f193ae0~tplv-3jr8j4ixpe-resize:640:640.jpeg?x-expires=1804149197&x-signature=rD09iMBQmogSjHcMjRRHd0uk3Yg%3D
7323336090612567322,深圳市景航拍视频,unknown,14000,https://p3-heycan-jy-sign.byteimg.com/tos-cn-i-3jr8j4ixpe/aed5db80c36b4883b458462ab98eb88d~tplv-3jr8j4ixpe-resize:640:640.jpeg?x-expires=1804149197&x-signature=%2BUdTfuG9MehTR%2BPTFKazgyM9jIg%3D
7323348201895988517,自然河流附近。树上的绿叶在风中摇曳，倒映在水面上，阳光透过树叶照耀着。早晨河水水面。森林中的宁静与自然之美。景观,unknown,26000,https://p3-heycan-jy-sign.byteimg.com/tos-cn-i-3jr8j4ixpe/8c2927556c384b7991228c5716c14a9e~tplv-3jr8j4ixpe-resize:640:640.jpeg?x-expires=1804149197&x-signature=tY1GTG0U7ymOPgy6vsG5CVxVAZk%3D
7323353448643153203,模拟电视的噪声。视频错误数字故障噪音静态电视视觉特效包。,unknown,10000,https://p3-heycan-jy-sign.byteimg.com/tos-cn-i-3jr8j4ixpe/1f118487ba1545e58cc5ac24338227fe~tplv-3jr8j4ixpe-resize:640:640.jpeg?x-expires=1804149197&x-signature=c4SX9eOJuxpkY1fRx5VLQQhrwh8%3D
7323362641362046246,英俊成熟的男人在办公室,unknown,0,
7323372250600656165,德国杜塞尔多夫-航拍,unknown,28000,https://p3-heycan-jy-sign.byteimg.com/tos-cn-i-3jr8j4ixpe/177891579ea44d3e8532a4f8a38a620e~tplv-3jr8j4ixpe-resize:640:640.jpeg?x-expires=1804149197&x-signature=wC65xOMtNMAVdxJxIzCfnK5cgOQ%3D
7323374707531713819,在乡下的牧场上，一只长着白色皮毛的羊在沉思叹气。宠物头特写,unknown,23000,https://p3-heycan-jy-sign.byteimg.com/tos-cn-i-3jr8j4ixpe/b8c2e826708a4dd7b76c4b3d069e7d9e~tplv-3jr8j4ixpe-resize:640:640.jpeg?x-expires=1804146191&x-signature=V%2FMqqGPqn%2BxCFj47dq%2Bt1DGTWGA%3D
7323378529901563175,单头雄性南非水牛,unknown,3000,https://p3-heycan-jy-sign.byteimg.com/tos-cn-i-3jr8j4ixpe/aff513e62b964d9688ca693c788e5879~tplv-3jr8j4ixpe-resize:640:640.jpeg?x-expires=1804149180&x-signature=ElWG4B0VXbukf3YXnjAXFgzmHf8%3D
7323379371358620966,抽象动画背景的发光蓝色粒子，美丽的发光粒子在液体流的效果，像墨水溶于水的效果。光磨作为alpha通道。,unknown,0,
7323380653582486811,Alpha(透明)通道，4K手绘动画液体过渡动画，2D动画，漫画，Flash FX，漫画元素，背景，预渲染，滴，墨水，画笔，水，理想的游戏开发者，电影，卡通，视频音乐，事件,unknown,0,
7323384926626188554,抽象的线框模型环背景,unknown,0,
7323386296796237093,动画橙色的霓虹线条旋转抽象的背景。,unknown,0,
7323411696180088076,手绘笔触，彩绘的背景,unknown,6000,https://p3-heycan-jy-sign.byteimg.com/tos-cn-i-3jr8j4ixpe/af71f428e2a247ee8046a23c96e87ea0~tplv-3jr8j4ixpe-resize:640:640.jpeg?x-expires=1804149183&x-signature=sBsf3R%2B2MagUhlo6dOMWAkkOC3c%3D
7323429209907547442,绿屏,unknown,1000,https://p3-heycan-jy-sign.byteimg.com/tos-cn-i-3jr8j4ixpe/5c1b324d4e33459295f246770ab1a81e~tplv-3jr8j4ixpe-resize:640:640.jpeg?x-expires=1804149191&x-signature=s24P28TEvm3z4CEuK1UkZU7Q3eM%3D
7323544717969427721,室内设计时尚的儿童房空间，白色的书桌，木制玩具，儿童配件，白色的灯，舒适的装饰和挂在米色墙壁上的棉花旗。模板。,unknown,1000,https://p3-heycan-jy-sign.byteimg.com/tos-cn-i-3jr8j4ixpe/5aca27c9725c4f908f4d20f238cfeafb~tplv-3jr8j4ixpe-resize:640:640.jpeg?x-expires=1804149191&x-signature=wlHuNfXbPE8ay8NHNuz7n7rw1v8%3D
7323584240753462579,淡蓝色。纯色。背景。纯色背景。空间背景。副本的空间。,unknown,1000,https://p3-heycan-jy-sign.byteimg.com/tos-cn-i-3jr8j4ixpe/2bef68022ad34552852d76d180375bd0~tplv-3jr8j4ixpe-resize:640:640.jpeg?x-expires=1804149180&x-signature=q8wlhchZHjR6BvoFgB0B9vjfilk%3D
7323630397659565353,普通默认的红色纯色背景模板，没有任何空白空间，工作室房间，用于展示广告产品网站模板,unknown,16000,https://p3-heycan-jy-sign.byteimg.com/tos-cn-i-3jr8j4ixpe/448a3a00dcd4458a9c267817f2bece23~tplv-3jr8j4ixpe-resize:640:640.jpeg?x-expires=1804149183&x-signature=rv6QvZrJZJk7DKRDgb1OPodty%2BE%3D
7323718201005624612,中国风背景,unknown,55000,https://p3-heycan-jy-sign.byteimg.com/tos-cn-i-3jr8j4ixpe/a82d220e3436495fba42706a12da315c~tplv-3jr8j4ixpe-resize:640:640.jpeg?x-expires=1804149191&x-signature=6TmZiWDa8%2BsGJc5i5AGItUT%2FAvM%3D
7324148464860941580,蓝绿色闪闪发光的长春花蓝色背景纹理闪闪发光的包装纸，假日季节壁纸装饰，问候和婚礼请柬设计元素,unknown,2000,https://p3-heycan-jy-sign.byteimg.com/tos-cn-i-3jr8j4ixpe/c5d91b8b40184ae5aa5a527a278b49f8~tplv-3jr8j4ixpe-resize:640:640.jpeg?x-expires=1804149180&x-signature=jkGE73RXgxLoakoa8Bj9mokPpLg%3D
7324982724974873907,疲惫的欧洲女人坐在包装好的箱子中间。无可救药的年轻姑娘惹上麻烦了,unknown,0,https://p3-heycan-jy-sign.byteimg.com/tos-cn-i-3jr8j4ixpe/cf058abf8c78417faca4323cfd430264~tplv-3jr8j4ixpe-resize:640:640.jpeg?x-expires=1804149180&x-signature=eaGewJ2vGVGC5AfUClbBHbUZvMA%3D
7325010518761065747,中国新年2024海报:折扇与红底樱花-抽象亚洲艺术庆典,unknown,0,
7325062982621269258,黑暗，黑色，黑屏背景,unknown,4000,https://p3-heycan-jy-sign.byteimg.com/tos-cn-i-3jr8j4ixpe/2d210c6a7f114f60b8cd168df05708e3~tplv-3jr8j4ixpe-resize:640:640.jpeg?x-expires=1804149183&x-signature=7m3di7YVd3xEu%2B95JSpv5GXqACI%3D
7325368375327083826,荷兰阿姆斯特丹与阿姆斯特尔河的夜景,unknown,0,
7325443027500109093,卡特彼勒的蝴蝶,unknown,0,
7325464058755353882,纯白色背景,unknown,1000,https://p3-heycan-jy-sign.byteimg.com/tos-cn-i-3jr8j4ixpe/26b9c43afa6344e3984072146efca47b~tplv-3jr8j4ixpe-resize:640:640.jpeg?x-expires=1804149180&x-signature=6xPsJwrw4RORG3A8nUfSZDUJOIg%3D
7325490550000422194,黑色背景图片,unknown,11000,https://p3-heycan-jy-sign.byteimg.com/tos-cn-i-3jr8j4ixpe/cde2ef6581d24ba599aa57ec262104a7~tplv-3jr8j4ixpe-resize:640:640.jpeg?x-expires=1804149180&x-signature=T4yNnmeSjFOIFHxXSjG7A1f4jKU%3D
7325796901436116243,一位中年亚裔华人女性在家里用笔记本电脑写笔记,unknown,1000,https://p3-heycan-jy-sign.byteimg.com/tos-cn-i-3jr8j4ixpe/ab455d92e6e04a989bc30f9c23fa3566~tplv-3jr8j4ixpe-resize:640:640.jpeg?x-expires=1804149183&x-signature=mOvyJny11X%2BSANionFJ8bq%2B01kg%3D
7325843359895948583,商人做拳头泵,unknown,0,
7325874560312544563,女自行车机修工切割和抛光自行车零件。,unknown,28000,https://p3-heycan-jy-sign.byteimg.com/tos-cn-i-3jr8j4ixpe/1d8f639e61b94a0386240c79ac8996a8~tplv-3jr8j4ixpe-resize:640:640.jpeg?x-expires=1804149194&x-signature=f0ydwk46KoUWNXDehsrS24cSkhc%3D
7326039581206367498,男孩做作业,unknown,2000,https://p3-heycan-jy-sign.byteimg.com/tos-cn-i-3jr8j4ixpe/a9468ba264eb4e658605172525500722~tplv-3jr8j4ixpe-resize:640:640.jpeg?x-expires=1804149180&x-signature=MBsN02U0NZwrhqD%2F7LUonr0gQ8Q%3D
7326119050482912562,快乐的年轻女子看着相机,unknown,55000,https://p3-heycan-jy-sign.byteimg.com/tos-cn-i-3jr8j4ixpe/048f821a4ff241ecba647c29fd764cb7~tplv-3jr8j4ixpe-resize:640:640.jpeg?x-expires=1804149191&x-signature=ob0FRxL%2B6MCpxnynO9sXSg4lJQA%3D
7326150464020466981,卡通肮脏的狗,unknown,0,
7326258962465148197,黄色纯色背景与哑光纹理。壁纸的设计,unknown,2000,https://p3-heycan-jy-sign.byteimg.com/tos-cn-i-3jr8j4ixpe/6f8d7ad732ed4e01bee92c930a535dd0~tplv-3jr8j4ixpe-resize:640:640.jpeg?x-expires=1804149180&x-signature=1I1%2BHQl3ade%2FK6QdRy6rUgVOhkw%3D
7326371265743179045,学校硬件项目,unknown,0,
7326420877162057011,穿着衣服的孕妇,unknown,0,
7326517768042351891,散焦背景灯,unknown,28000,https://p3-heycan-jy-sign.byteimg.com/tos-cn-i-3jr8j4ixpe/b8fbc5e2f5784cb5bcd11f89ab771b74~tplv-3jr8j4ixpe-resize:640:640.jpeg?x-expires=1804149194&x-signature=eQZGIt%2BTIMZHYjsbd3cCDCxZYCQ%3D
7326971409253633292,丰富多彩的绘画背景-抽象的色彩设计,unknown,1000,https://p3-heycan-jy-sign.byteimg.com/tos-cn-i-3jr8j4ixpe/8bd3815fe292402388d5478711d69df9~tplv-3jr8j4ixpe-resize:640:640.jpeg?x-expires=1804149183&x-signature=k41WU5qlRsZj30U5Di0txc4n9vM%3D
7327203228733558066,结束,unknown,15000,https://p3-heycan-jy-sign.byteimg.com/tos-cn-i-3jr8j4ixpe/80a88333ccb94f5598d10db2748ac778~tplv-3jr8j4ixpe-resize:640:640.jpeg?x-expires=1804149183&x-signature=j4J3fAmwnP7wD1CMP68GSrXNwtg%3D
7327414873070013746,三只蟋蟀伪装在绿叶上,unknown,10000,https://p3-heycan-jy-sign.byteimg.com/tos-cn-i-3jr8j4ixpe/d622bdb1d58541098c7d1208ea87c6ad~tplv-3jr8j4ixpe-resize:640:640.jpeg?x-expires=1804149194&x-signature=BPqS8EI2XdHusob8aVFRthzanRc%3D
7327434464395660598,巴拿马的天际线,unknown,6000,https://p3-heycan-jy-sign.byteimg.com/tos-cn-i-3jr8j4ixpe/dc0e2867097543e39587cd489f6fc6fc~tplv-3jr8j4ixpe-resize:640:640.jpeg?x-expires=1804149183&x-signature=2GGiCh02t9Egwnl21bA3awp4gQg%3D
7327485220922477836,蓖麻,unknown,10000,https://p3-heycan-jy-sign.byteimg.com/tos-cn-i-3jr8j4ixpe/6ca9c1f6b0fa48efb15aefcae7ea77bb~tplv-3jr8j4ixpe-resize:640:640.jpeg?x-expires=1804149194&x-signature=mACJFuXl9F1n2yOrBL5OkZwdYPY%3D
7327610401699482906,男性的手在抓东西,unknown,15000,https://p3-heycan-jy-sign.byteimg.com/tos-cn-i-3jr8j4ixpe/484b681a14b44df1a5c1209cfe7e1159~tplv-3jr8j4ixpe-resize:640:640.jpeg?x-expires=1804149183&x-signature=ooD1ockZKqZg7mow3j7tgAXaVsg%3D
7327652938078227763,微笑的商人竖起大拇指,unknown,2000,https://p3-heycan-jy-sign.byteimg.com/tos-cn-i-3jr8j4ixpe/c7c963a184124ecaa468efad05c67603~tplv-3jr8j4ixpe-resize:640:640.jpg?x-expires=1804149180&x-signature=LzOufLHDgAmlsxbDp4rEkeujr8Y%3D
7327807285890157887,女人的手(隔离),unknown,8000,https://p3-heycan-jy-sign.byteimg.com/tos-cn-i-3jr8j4ixpe/415fa602da444bcdae9e581397512033~tplv-3jr8j4ixpe-resize:640:640.jpeg?x-expires=1804149191&x-signature=Q9JVRNIklA2n7ltphArKjv4lEOg%3D
7328051885745769740,竖起大拇指!,unknown,21000,https://p3-heycan-jy-sign.byteimg.com/tos-cn-i-3jr8j4ixpe/6ca62c19301545de96ae313470fcd205~tplv-3jr8j4ixpe-resize:640:640.jpeg?x-expires=1804149197&x-signature=4WI71ga5kjubt4%2FpGJHYn3iP8ik%3D
7328182351580744999,有限预算建设投资,unknown,4000,https://p3-heycan-jy-sign.byteimg.com/tos-cn-i-3jr8j4ixpe/880ffadd318b455abfe1e492369ec094~tplv-3jr8j4ixpe-resize:640:640.jpeg?x-expires=1804149183&x-signature=vUh7WsQeyQS0AyXOCh1OH0Su6ok%3D
7328195987984502052,婚礼汽车装饰,unknown,0,
7328305792459820298,绿色池塘里的鳄鱼,unknown,0,
7328379535257275667,我能做什么写在笔记本页上的文字,unknown,0,
7328390436962209043,乌云,unknown,0,
7328468328983432489,睡在床上的中年美女,unknown,12000,https://p3-heycan-jy-sign.byteimg.com/tos-cn-i-3jr8j4ixpe/b168793676af449882aa1d27e404bb09~tplv-3jr8j4ixpe-resize:640:640.jpeg?x-expires=1804149194&x-signature=Fwl9AnCQHaNweVnd6WgGPpnquEs%3D
7328492661201980710,二人乡村家庭晚餐。,unknown,12000,https://p3-heycan-jy-sign.byteimg.com/tos-cn-i-3jr8j4ixpe/62ef557589724627acf630625e79feb1~tplv-3jr8j4ixpe-resize:640:640.jpeg?x-expires=1804149191&x-signature=5fgwlujxoxJwGG16cr6oEjGCU8M%3D
7328528084519390515,游泳池边，没人。旅游的概念,unknown,11000,https://p3-heycan-jy-sign.byteimg.com/tos-cn-i-3jr8j4ixpe/74df7493ea0d445bb6f2ef335bc2e0bd~tplv-3jr8j4ixpe-resize:640:640.jpeg?x-expires=1804149191&x-signature=jutY5fmYJamFl2WA78VYQrWSxEQ%3D
7331032023290744115,红色画布纹理背景,unknown,4000,https://p3-heycan-jy-sign.byteimg.com/tos-cn-i-3jr8j4ixpe/b6e4482686f2489b88838a8ba9b1f171~tplv-3jr8j4ixpe-resize:640:640.jpeg?x-expires=1804149183&x-signature=LZSTD6NayLHkbImSDPumKQKfzXc%3D
7331209883141934374,草原风景,unknown,0,
7331226322619878693,典型的克罗地亚伊斯特拉海岸景色,unknown,0,
7331235024148204827,我爱你,unknown,30000,https://p3-heycan-jy-sign.byteimg.com/tos-cn-i-3jr8j4ixpe/7159fd76ec664be195cb84d9879a5e7d~tplv-3jr8j4ixpe-resize:640:640.jpeg?x-expires=1804149197&x-signature=N9bltEB9oPTp7gCaXrn8vhPLfBw%3D
7331283801894554907,密切的手的业务伙伴，人们交叉手结束会议显示团结在办公桌上，业务团队的概念,unknown,0,https://p3-heycan-jy-sign.byteimg.com/tos-cn-i-3jr8j4ixpe/9f688a723a0841549ecf32c51d3d4759~tplv-3jr8j4ixpe-resize:640:640.jpeg?x-expires=1804149197&x-signature=XFmuut%2F8F5rYRHrwZQ3mcda1IBA%3D
7331300194413268233,浪漫的干花在坚实的背景,unknown,9000,https://p3-heycan-jy-sign.byteimg.com/tos-cn-i-3jr8j4ixpe/53ee400322a44ac08a39ea1efd881562~tplv-3jr8j4ixpe-resize:640:640.jpeg?x-expires=1804149191&x-signature=yCMV0uQ338f8mwa2XPrAmSJfse8%3D
7331329410622098726,商务人士握手互相问候，互相了解。,unknown,9000,https://p3-heycan-jy-sign.byteimg.com/tos-cn-i-3jr8j4ixpe/870e2d828bff46c3a55464012e45c7a8~tplv-3jr8j4ixpe-resize:640:640.jpeg?x-expires=1804149191&x-signature=Ojy2hecduzn%2B2fh1MXXwaiDe%2F6g%3D
7331335001243454731,拍板在背景的大海,unknown,8000,https://p3-heycan-jy-sign.byteimg.com/tos-cn-i-3jr8j4ixpe/6d52f32dcc364967ad170429d37f9b38~tplv-3jr8j4ixpe-resize:640:640.jpeg?x-expires=1804149191&x-signature=Kpj1m%2FWmh9P%2BcsM7iIsV12b1imo%3D
7331338141254683943,绿色纯色背景与哑光纹理。壁纸的设计,unknown,1000,https://p3-heycan-jy-sign.byteimg.com/tos-cn-i-3jr8j4ixpe/8580cd4f15c14b0d8a76eed42bac8e60~tplv-3jr8j4ixpe-resize:640:640.jpeg?x-expires=1804149180&x-signature=YG%2BMn4nMo3k6QrXUtdQs9LinXN8%3D
7331366366315859237,水彩彩色的手绘背景。中性色调的水彩印刷和网络项目，如婚礼请柬，品牌，贺卡，社交媒体和许多其他用途。,unknown,6000,https://p3-heycan-jy-sign.byteimg.com/tos-cn-i-3jr8j4ixpe/912c5d96da39440cb07192007e946ed0~tplv-3jr8j4ixpe-resize:640:640.jpeg?x-expires=1804149183&x-signature=3JhjiAXAuJKAucVcsoLyKgb1nAA%3D
7331367380276284683,水彩风格闪闪发光美丽的背景插图,unknown,12000,https://p3-heycan-jy-sign.byteimg.com/tos-cn-i-3jr8j4ixpe/2d7557ea60164f0f9bfe541d3c5012f4~tplv-3jr8j4ixpe-resize:640:640.jpeg?x-expires=1804149194&x-signature=W6oHz2S1IFSTKRhBmEsg9kidyiQ%3D
7331368151231253770,"水彩背景纹理抽象。Ery peri, 2022年的流行色。纸画艺术创意质感",unknown,21000,https://p3-heycan-jy-sign.byteimg.com/tos-cn-i-3jr8j4ixpe/8c985a94b3d645d0b84b71689c0f1b51~tplv-3jr8j4ixpe-resize:640:640.jpeg?x-expires=1804149191&x-signature=%2Bmk1SwD034zB%2F4RfKLCC4nATGEQ%3D
7331368181308591397,蓝色的海浪和沙子。水彩画和丙烯酸流墨涂画。,unknown,0,
7331369760229281036,抽象水彩画纹理背景，着色水彩画设计,unknown,9000,https://p3-heycan-jy-sign.byteimg.com/tos-cn-i-3jr8j4ixpe/af737e4458044885b151b664f63ba429~tplv-3jr8j4ixpe-resize:640:640.jpeg?x-expires=1804149191&x-signature=rwyL9p%2BJ6DLeQD5xIP9TmSln96M%3D
7331370181513448740,蓝色渐变水彩,unknown,1000,https://p3-heycan-jy-sign.byteimg.com/tos-cn-i-3jr8j4ixpe/c78cddfd64c3425eba33af03b43d0a02~tplv-3jr8j4ixpe-resize:640:640.jpeg?x-expires=1804149183&x-signature=uq%2FLGz2RLMrvvAZ%2FyNwKtnL8udI%3D
7331371027362057481,水彩底漆,unknown,0,
7331374869621345573,在美丽的春日结束时，雏菊在春色盎然的草地上盛开,unknown,3000,https://p3-heycan-jy-sign.byteimg.com/tos-cn-i-3jr8j4ixpe/d89d877b58dc485aad2b4f872472e022~tplv-3jr8j4ixpe-resize:640:640.jpeg?x-expires=1804149194&x-signature=7oK79%2FbCPVHjqYmkO9jQtjSW8HY%3D
7331384453941480716,桂林漓江自然景观航拍,unknown,0,https://p3-heycan-jy-sign.byteimg.com/tos-cn-i-3jr8j4ixpe/7ac1dae1c1264aeb90c1692d582165ec~tplv-3jr8j4ixpe-resize:640:640.jpeg?x-expires=1804149197&x-signature=h1CyG7KfyAKloK8H9PrlINnelJI%3D
7331387206482857225,冬天即将结束，太阳落在光秃秃的树木和乌云后面,unknown,0,
7331394095778204966,2026年新年快乐的法语插图和烟花,unknown,11000,https://p3-heycan-jy-sign.byteimg.com/tos-cn-i-3jr8j4ixpe/f9aed05cec49404c8bea7d09ee80cabf~tplv-3jr8j4ixpe-resize:640:640.jpeg?x-expires=1804149194&x-signature=dRuQHKWyPIwNpiuFMYxd36HMYi8%3D
7331463255027682598,会议结束后，两位愉快的商务人士握手后签约成为合作伙伴，协作团队,unknown,55000,https://p3-heycan-jy-sign.byteimg.com/tos-cn-i-3jr8j4ixpe/f89b41ffefa844f1beac71819ddf176d~tplv-3jr8j4ixpe-resize:640:640.jpeg?x-expires=1804149197&x-signature=c%2Ff%2BHATybbE0T1h%2BFlykvDBQx2c%3D
