identifier,author,duration,path,category
JY_Cached_f14d38,Unknown,0,D:\jianying\зҪ‘йЎөеүӘиҫ‘\assets\jy_sync\JY_Cached_f14d38.mp3,jy_cached_unknown
JY_Cached_ba67a2,Unknown,0,D:\jianying\зҪ‘йЎөеүӘиҫ‘\assets\jy_sync\JY_Cached_ba67a2.mp3,jy_cached_unknown
JY_Cached_df3661,Unknown,0,D:\jianying\зҪ‘йЎөеүӘиҫ‘\assets\jy_sync\JY_Cached_df3661.mp3,jy_cached_unknown
JY_Cached_bbb21f,Unknown,0,D:\jianying\зҪ‘йЎөеүӘиҫ‘\assets\jy_sync\JY_Cached_bbb21f.mp3,jy_cached_unknown
JY_Cached_98c4ed,Unknown,0,D:\jianying\зҪ‘йЎөеүӘиҫ‘\assets\jy_sync\JY_Cached_98c4ed.mp3,jy_cached_unknown
JY_Cached_04002c,Unknown,0,D:\jianying\зҪ‘йЎөеүӘиҫ‘\assets\jy_sync\JY_Cached_04002c.mp3,jy_cached_unknown
JY_Cached_6be958,Unknown,0,D:\jianying\зҪ‘йЎөеүӘиҫ‘\assets\jy_sync\JY_Cached_6be958.mp3,jy_cached_unknown
JY_Cached_25feed,Unknown,0,D:\jianying\зҪ‘йЎөеүӘиҫ‘\assets\jy_sync\JY_Cached_25feed.mp3,jy_cached_unknown
JY_Cached_0144f0,Unknown,0,D:\jianying\зҪ‘йЎөеүӘиҫ‘\assets\jy_sync\JY_Cached_0144f0.mp3,jy_cached_unknown
JY_Cached_b5848d,Unknown,0,D:\jianying\зҪ‘йЎөеүӘиҫ‘\assets\jy_sync\JY_Cached_b5848d.mp3,jy_cached_unknown
JY_Cached_3380b2,Unknown,0,D:\jianying\зҪ‘йЎөеүӘиҫ‘\assets\jy_sync\JY_Cached_3380b2.mp3,jy_cached_unknown
JY_Cached_4c9603,Unknown,0,D:\jianying\зҪ‘йЎөеүӘиҫ‘\assets\jy_sync\JY_Cached_4c9603.mp3,jy_cached_unknown
